{"cameraMode":{"drawMode":0,"name":"Shaded","section":"Shading Mode"},"sceneLighting":false,"audioPlay":false,"sceneViewState":{"showFog":false,"showMaterialUpdate":false,"showSkybox":false,"showFlares":false,"showImageEffects":false,"showParticleSystems":false},"in2DMode":false,"pivot":{"x":2.7536516189575197,"y":0.9721925854682922,"z":3.8310084342956545},"rotation":{"x":0.12935110926628114,"y":-0.34279748797416689,"z":0.047717221081256869,"w":0.9292370080947876},"size":4.376664161682129,"orthographic":false}