{"cameraMode":{"drawMode":0,"name":"Shaded","section":"Shading Mode"},"sceneLighting":false,"audioPlay":false,"sceneViewState":{"showFog":true,"showMaterialUpdate":false,"showSkybox":true,"showFlares":true,"showImageEffects":true,"showParticleSystems":true},"in2DMode":false,"pivot":{"x":-4.9815144538879398,"y":3.6909289360046388,"z":-0.11983609199523926},"rotation":{"x":0.2432994246482849,"y":0.6348993182182312,"z":-0.22091194987297059,"w":0.6992183327674866},"size":16.81878089904785,"orthographic":false}