{"cameraMode":{"drawMode":0,"name":"Shaded","section":"Shading Mode"},"sceneLighting":false,"audioPlay":false,"sceneViewState":{"showFog":false,"showMaterialUpdate":false,"showSkybox":false,"showFlares":false,"showImageEffects":false,"showParticleSystems":false},"in2DMode":false,"pivot":{"x":0.20800864696502686,"y":1.0130000114440919,"z":0.6786560416221619},"rotation":{"x":-0.2452792525291443,"y":0.5393747091293335,"z":-0.16791975498199464,"w":-0.787855327129364},"size":5.6104912757873539,"orthographic":false}