{"cameraMode":{"drawMode":0,"name":"Shaded","section":"Shading Mode"},"sceneLighting":false,"audioPlay":false,"sceneViewState":{"showFog":true,"showMaterialUpdate":false,"showSkybox":true,"showFlares":true,"showImageEffects":true,"showParticleSystems":true},"in2DMode":false,"pivot":{"x":-0.014937877655029297,"y":1.0999999046325684,"z":-3.9927101135253908},"rotation":{"x":-0.009926116093993187,"y":0.2243199348449707,"z":0.002281880471855402,"w":0.9744623303413391},"size":5.541658878326416,"orthographic":false}