{"cameraMode":{"drawMode":0,"name":"Shaded","section":"Shading Mode"},"sceneLighting":true,"audioPlay":false,"sceneViewState":{"showFog":false,"showMaterialUpdate":false,"showSkybox":false,"showFlares":false,"showImageEffects":false,"showParticleSystems":false},"in2DMode":false,"pivot":{"x":33.904029846191409,"y":0.047938961535692218,"z":8.948986053466797},"rotation":{"x":0.0442659892141819,"y":0.4572116434574127,"z":-0.02279251255095005,"w":0.8879631757736206},"size":50.88566207885742,"orthographic":false}