{"cameraMode":{"drawMode":0,"name":"Shaded","section":"Shading Mode"},"sceneLighting":true,"audioPlay":false,"sceneViewState":{"showFog":false,"showMaterialUpdate":false,"showSkybox":false,"showFlares":false,"showImageEffects":false,"showParticleSystems":false},"in2DMode":false,"pivot":{"x":3.9829530715942385,"y":-17.274585723876954,"z":122.5742416381836},"rotation":{"x":0.06626739352941513,"y":-0.00449829688295722,"z":0.0002975023235194385,"w":0.9977917671203613},"size":119.43085479736328,"orthographic":false}