{"cameraMode":{"drawMode":0,"name":"Shaded","section":"Shading Mode"},"sceneLighting":true,"audioPlay":false,"sceneViewState":{"showFog":false,"showMaterialUpdate":false,"showSkybox":false,"showFlares":false,"showImageEffects":false,"showParticleSystems":false},"in2DMode":false,"pivot":{"x":43.72997283935547,"y":-8.172785758972168,"z":5.200710296630859},"rotation":{"x":-0.11287076026201248,"y":-0.4969263970851898,"z":0.065376415848732,"w":-0.857933759689331},"size":59.14948272705078,"orthographic":false}