{"cameraMode":{"drawMode":0,"name":"Shaded","section":"Shading Mode"},"sceneLighting":false,"audioPlay":false,"sceneViewState":{"showFog":true,"showMaterialUpdate":false,"showSkybox":true,"showFlares":true,"showImageEffects":true,"showParticleSystems":true},"in2DMode":false,"pivot":{"x":0.6768369078636169,"y":1.1282050609588624,"z":0.1519835889339447},"rotation":{"x":0.0015059394063428045,"y":-0.9978681802749634,"z":0.060281652957201007,"w":0.024962829425930978},"size":4.16123104095459,"orthographic":false}