{"cameraMode":{"drawMode":0,"name":"Shaded","section":"Shading Mode"},"sceneLighting":false,"audioPlay":false,"sceneViewState":{"showFog":true,"showMaterialUpdate":false,"showSkybox":true,"showFlares":true,"showImageEffects":true,"showParticleSystems":true},"in2DMode":false,"pivot":{"x":-0.01036369800567627,"y":0.08669078350067139,"z":0.017695069313049318},"rotation":{"x":0.154433473944664,"y":-0.7531778216362,"z":0.1905607283115387,"w":0.6103770136833191},"size":4.041179180145264,"orthographic":false}