{"cameraMode":{"drawMode":0,"name":"Shaded","section":"Shading Mode"},"sceneLighting":false,"audioPlay":false,"sceneViewState":{"showFog":false,"showMaterialUpdate":false,"showSkybox":false,"showFlares":false,"showImageEffects":false,"showParticleSystems":false},"in2DMode":false,"pivot":{"x":-3.432612180709839,"y":-0.2756434679031372,"z":2.2988641262054445},"rotation":{"x":-0.26080402731895449,"y":0.46514102816581728,"z":-0.14557412266731263,"w":-0.8333266973495483},"size":6.028688907623291,"orthographic":false}