{"cameraMode":{"drawMode":0,"name":"Shaded","section":"Shading Mode"},"sceneLighting":false,"audioPlay":false,"sceneViewState":{"showFog":false,"showMaterialUpdate":false,"showSkybox":false,"showFlares":false,"showImageEffects":false,"showParticleSystems":false},"in2DMode":false,"pivot":{"x":12.6227445602417,"y":-1.3985342979431153,"z":-6.191712379455566},"rotation":{"x":-0.121321901679039,"y":0.845806896686554,"z":-0.4717886745929718,"w":-0.2175021767616272},"size":4.376664638519287,"orthographic":false}