{"cameraMode":{"drawMode":0,"name":"Shaded","section":"Shading Mode"},"sceneLighting":false,"audioPlay":false,"sceneViewState":{"showFog":false,"showMaterialUpdate":false,"showSkybox":false,"showFlares":false,"showImageEffects":false,"showParticleSystems":false},"in2DMode":false,"pivot":{"x":0.20800864696502686,"y":0.7999999523162842,"z":0.6786560416221619},"rotation":{"x":-0.2452792525291443,"y":0.5393747091293335,"z":-0.16791975498199464,"w":-0.787855327129364},"size":6.21049165725708,"orthographic":false}