{"cameraMode":{"drawMode":0,"name":"Shaded","section":"Shading Mode"},"sceneLighting":false,"audioPlay":false,"sceneViewState":{"showFog":true,"showMaterialUpdate":false,"showSkybox":true,"showFlares":true,"showImageEffects":true,"showParticleSystems":true},"in2DMode":false,"pivot":{"x":144.66836547851563,"y":0.9088995456695557,"z":33.59604263305664},"rotation":{"x":-0.1708545982837677,"y":-0.6440980434417725,"z":0.1506989300251007,"w":-0.7302302718162537},"size":4.255500316619873,"orthographic":false}