{"cameraMode":{"drawMode":0,"name":"Shaded","section":"Shading Mode"},"sceneLighting":true,"audioPlay":false,"sceneViewState":{"showFog":false,"showMaterialUpdate":false,"showSkybox":false,"showFlares":false,"showImageEffects":false,"showParticleSystems":false},"in2DMode":false,"pivot":{"x":27.01307487487793,"y":-2.0196454524993898,"z":15.926802635192871},"rotation":{"x":0.08513540774583817,"y":0.4046193063259125,"z":-0.03786516562104225,"w":0.9097260236740112},"size":42.11867904663086,"orthographic":false}