{"cameraMode":{"drawMode":0,"name":"Shaded","section":"Shading Mode"},"sceneLighting":false,"audioPlay":false,"sceneViewState":{"showFog":true,"showMaterialUpdate":false,"showSkybox":true,"showFlares":true,"showImageEffects":true,"showParticleSystems":true},"in2DMode":false,"pivot":{"x":0.0182645320892334,"y":0.375339150428772,"z":-5.023885250091553},"rotation":{"x":0.015102961100637913,"y":-0.9804937839508057,"z":0.17725983262062074,"w":0.0835634395480156},"size":2.307119846343994,"orthographic":false}