{"cameraMode":{"drawMode":0,"name":"Shaded","section":"Shading Mode"},"sceneLighting":false,"audioPlay":false,"sceneViewState":{"showFog":true,"showMaterialUpdate":false,"showSkybox":true,"showFlares":true,"showImageEffects":true,"showParticleSystems":true},"in2DMode":false,"pivot":{"x":0.011752605438232422,"y":-0.0008948445320129395,"z":0.006436824798583984},"rotation":{"x":-0.03163473308086395,"y":0.8874641060829163,"z":-0.06160731613636017,"w":-0.455643892288208},"size":6.977429389953613,"orthographic":false}